Country,Code,Meningitis,Alzheimer's disease and other dementias,Parkinson's disease,Nutritional deficiencies,Malaria,Drowning,Interpersonal violence,Maternal disorders,HIV/AIDS,Drug use disorders,Tuberculosis,Cardiovascular diseases,Lower respiratory infections,Neonatal disorders,Alcohol use disorders,Self-harm,Exposure to forces of nature,Diarrheal diseases,Environmental heat and cold exposure,Neoplasms,Conflict and terrorism,Diabetes mellitus,Chronic kidney disease,Poisonings,Protein-energy malnutrition,Road injuries,Chronic respiratory diseases,Cirrhosis and other chronic liver diseases,Digestive diseases,"Fire, heat, and hot substances",Acute hepatitis
Afghanistan,AFG,1563,1775,560,1244,530,1687,5015,4038,318,406,3627,61995,18697,23701,147,1613,128,4320,59,21247,24295,4817,5637,525,1210,8254,7082,3797,6929,485,1940
Albania,ALB,13,917,248,5,0,36,57,3,2,29,11,12904,457,161,18,152,51,7,4,4705,0,175,329,11,3,243,815,333,527,18,1
Algeria,DZA,292,5209,1283,114,0,526,459,638,264,526,445,97931,5786,8756,111,1516,0,527,40,23816,13,5328,8201,351,92,11051,7528,4045,6398,782,259
American Samoa,ASM,1,7,3,2,0,4,3,1,0,0,1,125,12,4,1,4,0,3,0,68,0,44,26,0,2,5,23,7,14,0,0
Andorra,AND,0,36,7,0,0,0,0,0,3,0,0,169,20,0,1,8,0,1,0,230,0,9,16,0,0,8,39,12,27,0,1
Angola,AGO,2520,1143,267,3015,10784,793,974,2069,16802,80,11752,25724,12783,18189,211,1928,30,12936,114,12791,16,4033,2464,433,2906,9253,3934,5666,8971,513,246
Antigua and Barbuda,ATG,1,16,5,3,0,4,5,0,7,0,0,200,30,4,7,3,0,2,0,138,0,57,36,0,3,7,11,13,24,2,0
Argentina,ARG,453,12045,3043,1330,0,566,2881,377,1777,86,727,101725,36264,3272,821,5029,0,757,45,85209,0,10762,15665,272,1255,6318,19348,8525,17792,672,36
Armenia,ARM,5,873,169,4,0,44,153,8,19,10,73,13507,546,156,69,287,0,13,47,5834,0,1235,449,18,1,240,1323,1114,1720,45,2
Australia,AUS,46,11240,2403,164,0,196,322,13,71,1128,95,51615,4269,487,590,2898,4,228,37,53700,0,4239,5207,43,136,1595,11203,2215,6632,109,10
Austria,AUT,31,4802,1040,12,0,56,70,3,35,140,50,32998,1205,115,517,1418,11,125,35,22258,0,2340,3367,31,2,491,3406,1809,3237,42,3
Azerbaijan,AZE,62,941,338,29,0,312,372,32,37,39,636,42138,2454,1825,225,379,0,114,129,11913,0,2150,1386,85,18,803,2006,3118,3945,413,24
Bahamas,BHS,3,61,17,6,0,24,111,4,116,2,7,869,94,21,18,12,50,4,1,580,0,146,112,1,5,56,51,62,119,10,0
Bahrain,BHR,3,74,21,4,0,12,27,5,7,3,11,1271,83,33,6,77,0,11,1,817,0,708,176,2,3,177,161,138,212,15,4
Bangladesh,BGD,2323,15614,4489,4402,110,7582,3954,6598,359,299,29086,324764,37302,40175,322,7365,131,32927,113,106147,155,33095,12775,561,2282,8612,70893,26165,41679,1407,4437
Barbados,BRB,3,100,28,8,0,10,33,2,25,1,2,905,164,20,8,15,0,5,0,825,0,312,123,0,5,31,63,47,113,5,0
Belarus,BLR,49,3685,632,45,0,645,776,13,294,235,298,75339,1155,160,2973,2272,0,13,619,19668,0,393,500,349,24,1049,2438,2235,4188,681,19
Belgium,BEL,45,6615,1331,371,0,77,163,5,56,224,82,33627,6340,171,525,2212,0,898,48,33892,0,1731,2965,37,338,888,7400,2105,5662,129,5
Belize,BLZ,2,48,12,13,0,26,114,5,80,1,15,464,112,57,11,28,0,11,0,299,0,154,112,1,12,80,74,65,103,4,0
Benin,BEN,1975,695,190,820,13264,384,898,1320,2033,15,2624,11418,9053,12609,68,742,0,5268,74,5247,1,1537,1581,222,783,1937,1888,1943,3465,312,165
Bermuda,BMU,0,32,8,0,0,2,2,0,6,1,0,209,18,1,1,3,0,0,0,179,0,24,19,0,0,7,18,8,19,0,0
Bhutan,BTN,22,81,27,7,0,21,7,26,31,2,107,1208,161,235,7,41,0,119,2,474,0,155,147,2,3,64,571,176,285,8,10
Bolivia,BOL,134,1393,569,894,0,464,615,557,732,56,1550,15905,6570,3809,368,743,58,688,21,14035,0,3797,4425,70,810,2037,3578,3319,5832,174,19
Bosnia and Herzegovina,BIH,9,1080,328,5,0,48,84,1,2,11,120,18828,414,74,90,366,0,8,14,9482,0,2290,658,13,2,195,1204,593,1235,53,3
Botswana,BWA,123,153,41,185,14,95,469,51,5612,7,809,3519,1528,850,29,403,0,524,18,2076,0,1061,444,41,181,574,649,418,785,107,8
Brazil,BRA,2008,54594,9564,8221,118,6110,65907,1935,15561,1127,5485,397993,88641,29661,9705,13503,22,7514,76,266014,0,65366,42336,190,7648,44529,76551,38029,78484,1661,237
Brunei,BRN,2,24,13,1,0,16,6,3,5,2,19,508,82,23,2,25,0,3,1,528,0,171,78,1,0,61,93,31,61,5,3
Bulgaria,BGR,39,3146,1000,11,0,160,182,8,46,69,121,79119,1990,156,101,1087,0,25,115,22009,0,2377,1950,46,4,678,3036,2707,4507,117,9
Burkina Faso,BFA,5258,1245,344,4048,26305,899,2139,2076,2959,58,7552,22151,24392,19281,156,1545,0,14957,138,10125,707,2975,2822,627,3830,5278,2714,2993,6369,724,298
Burundi,BDI,1239,479,116,2048,7280,325,126,1301,2048,16,8721,10804,6462,8794,86,800,10,9336,89,5275,80,1463,1040,252,1982,1907,2399,1906,3543,272,212
Cambodia,KHM,129,1794,442,532,57,1048,495,477,1416,37,6046,30313,12066,4440,133,785,0,1718,5,14553,2,3631,2193,72,457,2911,4959,8388,12188,213,310
Cameroon,CMR,2791,1505,502,965,22652,609,916,2917,23172,79,6551,26491,17015,15688,187,2260,43,17856,128,14258,626,5187,4783,406,899,6401,4166,4131,7137,572,378
Canada,CAN,89,17052,4123,354,0,288,552,25,254,2526,149,82644,9125,915,1361,4699,0,1742,128,93072,1,7420,7501,132,302,2479,18385,5442,12872,303,12
Cape Verde,CPV,18,99,25,12,9,34,81,6,55,1,60,1073,294,92,5,82,0,47,2,717,0,134,105,3,11,47,107,114,175,16,4
Central African Republic,CAF,902,160,52,1247,4248,297,374,845,5547,14,8637,7210,5677,5349,63,620,0,8431,46,2657,340,1021,653,155,1211,3045,1579,1105,2202,167,123
Chad,TCD,4623,715,209,2454,7194,619,1234,3239,4695,14,6990,13837,19447,17347,88,996,0,30372,133,6250,276,1720,1817,358,2376,2576,2761,2886,5147,470,409
Chile,CHL,113,4804,1334,576,0,356,793,49,492,71,456,30115,4703,594,531,2006,6,449,38,31648,0,3822,5038,38,550,2299,6389,5157,8426,341,5
China,CHN,6465,320715,76990,16863,0,56524,11970,1537,31746,11445,36566,4584273,185264,44950,19459,121217,295,5440,4966,2716551,0,172892,196726,27084,13099,250025,1085273,152262,277142,11096,3726
Colombia,COL,377,13672,1959,1332,55,947,17061,475,2450,127,908,72629,7899,4255,124,2731,14,903,16,49460,0,7048,9496,63,1287,7408,17772,3984,11497,200,13
Comoros,COM,70,85,18,66,174,14,67,26,2,2,329,1143,450,380,6,41,8,278,5,544,0,163,117,12,62,151,167,161,299,16,12
Congo,COG,284,309,82,275,2102,89,245,392,4275,23,1961,7096,2033,2002,55,423,0,1879,19,3363,0,1169,701,69,259,1521,997,1071,1722,85,32
Cook Islands,COK,0,4,2,0,0,1,0,0,2,0,0,58,10,0,0,2,0,1,0,32,0,27,7,0,0,4,8,2,5,0,0
Costa Rica,CRI,35,1295,219,23,0,132,503,20,146,26,47,6664,676,238,84,389,0,129,2,6049,0,576,1372,28,21,841,1425,960,1776,21,3
Cote d'Ivoire,CIV,2259,1184,383,756,29398,581,2307,2270,13638,38,7086,22376,16980,23030,191,1960,0,7489,134,11587,10,3513,3434,367,707,3353,3642,3948,6623,510,220
Croatia,HRV,17,2166,492,3,0,77,47,2,8,70,53,24721,580,62,268,694,0,29,21,14024,0,1134,923,18,1,372,1878,1151,2234,38,1
Cuba,CUB,94,4503,917,65,0,249,642,53,337,31,42,39755,7125,180,570,1736,6,265,18,27785,0,2020,2727,12,53,1082,4586,2036,4365,95,4
Cyprus,CYP,3,324,94,7,0,26,21,0,5,17,5,3112,169,25,9,67,0,22,3,2291,0,490,335,3,6,134,541,140,364,9,1
Czechia,CZE,38,5121,1005,134,0,154,105,3,19,136,55,51294,3386,130,445,1480,0,293,135,30718,0,3441,1317,72,119,758,4062,2320,4846,72,3
Democratic Republic of Congo,COD,6147,4384,864,6355,57160,1963,2891,10119,10238,217,46145,89906,44646,42976,672,5980,0,34003,324,36862,1630,11354,8034,1268,6029,29543,19997,14393,24531,1405,1027
Denmark,DNK,31,2703,600,81,0,32,43,1,24,198,27,15330,2473,110,817,668,0,372,14,18488,0,1434,1133,10,48,294,4572,955,2684,75,2
Djibouti,DJI,110,58,15,206,97,27,109,134,903,3,437,1240,593,633,12,75,0,318,8,750,0,207,136,20,200,161,146,226,357,27,14
Dominica,DMA,1,19,6,2,0,4,8,1,5,0,3,242,30,11,4,4,0,2,0,182,0,57,43,1,2,12,22,11,25,2,0
Dominican Republic,DOM,217,1629,446,464,5,319,1993,231,1362,53,751,27140,2010,3307,151,671,0,558,10,10808,0,2965,2280,49,426,2668,1937,2945,3915,144,43
Ecuador,ECU,118,2638,738,734,1,578,1907,263,1207,67,735,21464,5436,2165,349,1678,14,484,14,17627,0,4951,6914,71,616,4788,3670,3905,6908,203,12
Egypt,EGY,764,6918,2439,816,0,972,512,751,56,82,892,263873,21371,5336,150,3105,0,8474,42,57934,682,20478,21981,179,634,29490,22560,62635,69216,1496,1356
El Salvador,SLV,52,1695,305,293,0,213,3047,44,680,11,89,9695,2304,483,874,531,0,308,3,5905,0,2257,4083,11,291,1279,1514,1500,2432,42,6
Equatorial Guinea,GNQ,55,65,16,31,768,14,55,56,2118,5,193,960,363,453,7,77,0,121,3,602,0,223,139,10,29,282,157,126,234,14,3
Eritrea,ERI,693,248,71,1051,331,160,748,866,1378,16,4674,6660,4429,3160,62,580,0,4265,59,3674,0,1055,660,148,1006,1119,1117,1572,2491,161,118
Estonia,EST,6,757,127,2,0,42,58,0,34,128,24,8201,224,11,214,208,0,3,53,3832,0,140,349,6,1,82,303,277,584,54,0
Eswatini,SWZ,73,55,17,92,9,52,235,26,3321,4,637,1519,721,440,10,226,0,481,11,979,0,682,269,22,90,397,319,190,347,53,6
Ethiopia,ETH,11283,6433,1230,8989,13104,1745,7175,7634,26591,217,29874,76975,46301,77436,647,5655,0,50773,694,39600,165,12873,9860,2623,8603,9212,13727,22772,35185,2101,1626
Fiji,FJI,13,73,44,19,0,59,35,15,9,3,40,2642,216,150,2,84,0,108,1,810,0,1725,292,2,18,90,412,87,181,26,2
Finland,FIN,16,3280,727,12,0,104,83,2,5,291,55,25383,775,38,565,873,0,51,98,14495,0,496,706,11,6,266,2043,1152,2589,70,2
France,FRA,226,46008,7997,4734,0,944,538,46,457,1839,1053,166496,23096,1142,3748,11014,0,1607,1875,197313,0,12806,12700,213,4581,4237,22060,10722,29763,683,19
Gabon,GAB,86,167,43,68,715,25,76,80,1115,10,474,2541,697,507,19,172,0,268,6,1436,2,614,367,23,63,519,308,397,603,30,9
Gambia,GMB,212,154,49,116,637,37,15,291,1078,3,722,2603,1223,1143,14,129,0,553,11,1070,0,330,310,31,108,259,424,357,625,45,21
Georgia,GEO,21,1721,304,10,0,80,125,19,23,26,175,29709,765,278,42,313,0,15,24,8327,0,1374,706,20,4,693,1222,1562,2139,118,8
Germany,DEU,216,49557,12875,782,0,465,617,35,421,1678,462,364285,25096,1098,6379,11664,1,4297,150,274088,0,22363,35220,99,616,4468,45165,20492,48420,678,36
Ghana,GHA,3487,1942,490,1973,21597,545,774,1518,14621,58,10223,39650,16306,16014,231,2065,0,6562,131,18509,20,6173,4679,433,1858,5806,5938,6125,10229,612,285
Greece,GRC,30,6996,1567,10,0,373,130,4,22,186,137,55921,5957,140,42,500,0,44,24,35234,0,1366,4604,21,4,1278,6399,1366,4075,108,39
Greenland,GRL,1,9,4,1,0,3,5,0,2,2,3,123,12,4,9,34,0,1,2,157,0,6,7,0,1,2,32,9,24,2,0
Grenada,GRD,0,16,5,2,0,6,6,1,5,1,1,263,47,11,4,5,0,1,0,188,0,75,50,0,2,10,19,18,37,2,0
Guam,GUM,2,38,10,3,0,6,6,1,7,1,4,474,34,21,2,32,0,6,0,207,0,46,56,0,3,17,53,33,45,1,0
Guatemala,GTM,242,1941,406,1847,0,407,6293,505,669,218,419,15882,9875,2834,1769,953,0,2916,41,12605,0,6671,6018,245,1744,2795,2529,5521,8570,176,15
Guinea,GIN,3260,931,264,1741,11336,511,987,2224,4037,17,4396,14547,13549,10932,80,805,0,6438,96,8426,13,2009,1933,275,1685,2258,2787,2382,3915,390,260
Guinea-Bissau,GNB,267,79,28,100,584,58,182,152,1003,4,716,2214,1121,1549,15,163,0,1218,15,976,0,322,293,34,93,457,386,449,739,47,34
Guyana,GUY,6,79,25,49,17,63,179,24,181,2,61,2430,262,192,27,250,0,61,4,780,0,567,285,2,43,156,119,251,393,16,2
Haiti,HTI,997,767,276,953,453,1455,3519,1562,5908,42,1286,26468,6323,5855,383,1017,0,4090,162,10517,0,4245,2371,177,915,1366,3420,2151,4384,508,82
Honduras,HND,109,1058,401,218,1,230,3321,254,91,104,558,15015,1121,1618,389,241,0,1181,5,7743,0,1127,3163,56,198,1166,3536,2952,5662,46,22
Hungary,HUN,50,4850,927,34,0,131,144,10,37,63,61,61818,1217,135,541,1902,0,268,207,34293,0,2497,1821,47,16,803,5936,3511,6413,129,3
Iceland,ISL,1,151,37,2,0,2,2,0,1,14,1,724,102,4,8,37,0,5,1,654,0,26,33,1,2,11,111,17,62,2,0
India,IND,34736,129011,45305,26868,33372,54046,40954,41843,46298,8465,422634,2574410,433661,438004,23261,195336,2065,632345,11348,932587,688,273089,222922,3945,13384,211975,1168381,270037,464914,25876,30987
Indonesia,IDN,4715,24381,7616,20348,637,5011,2261,5264,5603,589,76549,651481,44317,38125,653,7658,621,59589,132,229524,57,106333,42131,940,18641,37004,100930,88670,126348,1455,5560
Iran,IRN,577,13910,2848,230,0,866,2209,214,1177,2918,818,173601,10219,7347,250,4172,126,962,71,66792,38,14738,12546,778,173,21122,16835,6832,11482,1763,466
Iraq,IRQ,427,3259,842,104,0,827,4816,352,82,585,942,79952,3178,7270,57,2075,10,629,15,24413,1779,9257,7887,125,91,5603,3292,2720,3656,955,114
Ireland,IRL,10,1657,407,10,0,45,32,2,9,200,30,10347,1713,74,95,435,0,49,7,10384,0,502,700,10,6,166,2548,388,1170,34,1
Israel,ISR,28,2777,605,52,0,47,184,9,37,63,26,12393,1739,226,65,545,0,386,16,14627,6,2647,2765,8,43,610,2027,756,2067,50,3
Italy,ITA,185,48763,8036,773,0,351,488,18,621,563,426,236507,12393,605,351,4315,0,1012,180,192052,0,21590,16513,84,565,5273,31345,12450,28523,503,86
Jamaica,JAM,21,780,149,65,0,13,420,28,418,6,10,6457,475,400,9,89,0,44,1,4338,0,2399,939,3,58,183,642,185,536,19,2
Japan,JPN,408,164874,16750,1832,0,7874,716,40,161,490,3852,372483,118801,469,670,24773,80,3670,2134,442474,0,8784,45324,314,1395,6841,55794,26248,60801,1617,104
Jordan,JOR,83,767,192,18,0,129,352,76,27,17,29,11798,1054,1578,17,260,0,68,3,5643,4,2053,1813,60,16,1262,856,644,1102,196,11
Kazakhstan,KAZ,136,2319,741,121,0,908,1752,54,261,749,768,65391,4013,1593,1701,4275,0,59,741,21073,0,2588,1873,466,84,2781,9772,6705,8896,457,21
Kenya,KEN,4396,2705,621,4614,8049,614,4606,3767,51135,92,16781,40611,21504,18317,340,3155,0,18564,243,23292,68,6182,4764,846,4462,4595,7705,13095,20749,829,1476
Kiribati,KIR,11,8,5,13,0,6,5,8,2,1,69,349,35,45,1,30,0,42,1,128,0,136,37,2,13,21,73,27,52,1,3
Kuwait,KWT,12,425,58,1,0,23,42,3,3,23,26,4119,668,206,10,135,0,6,3,1653,0,365,322,19,0,583,230,204,338,34,1
Kyrgyzstan,KGZ,38,723,115,9,0,265,297,57,170,63,405,17482,772,1307,403,600,0,94,104,4150,0,322,489,77,7,987,1513,2143,2482,80,18
Laos,LAO,162,529,151,201,23,389,560,315,374,17,2093,13523,3392,3043,70,430,16,1117,12,4975,0,1553,1712,30,176,1096,2663,1273,2464,82,37
Latvia,LVA,8,1031,190,5,0,122,136,2,118,51,53,15779,350,27,285,392,0,4,107,5601,0,335,263,15,1,189,433,388,945,113,1
Lebanon,LBN,34,1255,226,15,0,55,216,17,61,127,42,16329,910,400,15,176,3,61,3,7493,14,859,1180,35,12,441,1185,596,959,90,142
Lesotho,LSO,162,129,37,194,0,109,752,150,10793,7,2598,4028,1941,1133,34,736,0,1431,26,2216,0,1269,559,47,188,923,1116,395,861,124,24
Liberia,LBR,432,284,72,323,4587,86,127,713,1652,7,1062,4299,1940,2240,32,259,0,2373,19,2053,0,634,645,57,300,503,534,955,1524,107,64
Libya,LBY,43,1094,203,18,0,92,130,27,85,202,84,12747,837,349,24,347,0,70,5,5435,1039,898,1374,66,14,2155,1173,724,1122,136,45
Lithuania,LTU,16,1542,276,4,0,168,150,2,61,169,152,21301,531,29,317,857,0,14,200,7870,0,238,262,83,2,262,779,830,1882,60,1
Luxembourg,LUX,1,241,57,8,0,3,7,0,2,15,2,1332,137,6,28,69,0,17,1,1295,0,68,119,1,7,38,221,90,212,3,0
Madagascar,MDG,2084,859,208,5285,5920,437,517,2348,2530,49,12268,35397,13674,12504,159,1522,0,18314,140,11011,139,2848,1938,379,5104,2931,6030,4524,7189,405,249
Malawi,MWI,2369,1019,214,2062,7076,356,333,1151,14227,39,7861,15650,9206,10220,126,1209,59,7596,85,10110,0,2497,1783,290,1979,2077,2402,3691,5845,321,300
Malaysia,MYS,291,3667,1019,239,5,774,577,255,1521,138,1992,58824,21711,1319,176,1803,1,1361,13,31294,0,3779,6105,206,230,7592,7473,4783,10072,311,202
Maldives,MDV,2,48,11,5,0,20,10,7,1,2,14,522,35,75,1,20,0,11,0,214,0,52,89,0,3,22,123,33,49,5,0
Mali,MLI,6260,1226,325,14865,18000,993,2315,3520,4496,19,5638,19519,15184,32006,100,947,0,13882,134,9336,1170,2755,2698,565,14535,2757,4574,3267,6246,759,411
Malta,MLT,2,220,52,1,0,4,5,0,1,9,1,1491,192,11,3,24,0,3,1,1002,0,123,105,1,1,15,157,40,124,2,0
Marshall Islands,MHL,1,3,2,1,0,6,4,2,4,0,8,156,20,10,1,12,0,5,0,54,0,36,17,0,1,11,26,10,17,1,0
Mauritania,MRT,217,347,85,279,1997,43,200,500,21,5,482,3952,1797,1892,18,155,0,1539,12,2064,0,625,590,32,262,836,525,603,1026,57,26
Mauritius,MUS,5,323,63,16,0,37,32,7,91,14,15,3309,289,87,76,113,0,30,0,1517,0,1899,1260,4,16,165,537,263,398,21,1
Mexico,MEX,522,23657,4973,7558,1,2373,30673,1019,5034,596,2596,167535,22592,12384,4518,7805,0,4932,152,106421,0,73838,72539,471,6745,21103,38524,46328,71124,1147,242
Micronesia (country),FSM,2,8,5,3,0,12,9,2,45,1,11,331,38,9,2,23,0,9,0,112,0,109,49,1,2,23,57,20,34,1,0
Moldova,MDA,20,1259,163,2,0,167,208,6,163,28,184,23438,872,142,439,549,0,8,193,6245,0,284,245,180,1,360,971,2745,3513,97,1
Monaco,MCO,0,28,7,0,0,1,0,0,1,0,1,161,25,0,0,5,0,0,0,225,0,4,8,0,0,2,20,7,18,0,0
Mongolia,MNG,24,225,53,15,0,159,288,41,15,20,371,9806,530,565,584,592,12,49,263,5961,0,139,391,89,0,672,453,1656,2185,99,15
Montenegro,MNE,1,185,57,1,0,9,21,0,1,1,4,3943,69,13,8,117,0,1,5,1644,0,152,127,3,1,59,85,50,153,12,0
Morocco,MAR,400,4945,1390,215,0,354,350,567,494,407,3932,117034,6248,5135,111,2566,0,1375,104,27967,0,6617,9320,232,171,9184,9373,4551,7422,808,386
Mozambique,MOZ,2729,1529,341,3530,20528,716,1811,2072,66304,135,20700,31692,15524,24317,258,2440,643,8867,160,13531,159,4712,2645,618,3362,4979,3759,2547,7034,687,481
Myanmar,MMR,1246,6784,1726,1386,294,3052,704,1653,4773,214,14313,138139,21453,16065,388,1956,115,6700,14,52674,617,22619,11554,1008,1185,5739,43284,20361,25895,287,251
Namibia,NAM,100,228,53,189,192,73,438,77,3772,6,831,3747,1461,882,28,261,0,696,17,1600,0,790,349,29,184,575,791,339,729,88,8
Nauru,NRU,0,0,0,0,0,1,1,0,1,0,1,23,4,3,0,2,0,0,0,8,0,6,3,0,0,3,3,2,2,0,0
Nepal,NPL,469,2448,875,1300,1,1476,535,1714,1434,36,7488,46501,8760,8397,227,3528,119,5627,227,21609,21,3474,5108,498,988,2721,40800,7945,11323,191,543
Netherlands,NLD,96,8715,1919,210,0,80,144,7,49,176,99,42569,6330,308,480,2017,0,425,16,56513,0,3357,3780,14,126,810,10766,1810,6478,108,5
New Zealand,NZL,13,2066,403,15,0,50,58,6,9,65,18,11948,896,101,57,512,2,80,7,10584,0,670,915,8,12,352,2396,297,1088,23,1
Nicaragua,NIC,44,706,218,145,3,172,395,53,561,12,143,8202,1011,630,387,355,0,195,4,4429,0,1904,3475,22,143,742,1343,1623,2237,24,6
Niger,NER,7772,854,238,2449,23822,891,1962,3504,1423,14,5882,17201,23642,22546,101,972,0,28694,124,6976,395,2108,2201,482,2371,2785,3619,3325,6499,708,355
Nigeria,NGA,44914,12113,3334,5496,191106,3153,12958,17650,82270,274,45278,163496,172978,195397,1221,7970,0,181138,927,81558,3086,24473,20045,3640,4996,18508,24506,40381,70077,4017,2540
Niue,NIU,0,0,0,0,0,0,0,0,0,0,0,8,1,0,0,0,0,0,0,3,0,3,1,0,0,0,1,0,1,0,0
North Korea,PRK,223,5208,1296,443,2,1352,827,182,761,338,3242,102586,6998,1855,384,2954,0,289,109,40841,0,4066,4318,445,364,8382,31704,5171,9205,305,125
North Macedonia,MKD,5,437,180,1,0,22,44,1,2,13,38,14023,181,113,27,211,0,7,5,5431,0,1064,363,9,0,171,652,317,593,13,1
Northern Mariana Islands,MNP,0,5,2,1,0,3,3,0,1,0,1,116,11,2,2,8,0,2,0,80,0,27,24,0,1,6,17,13,19,0,0
Norway,NOR,19,2633,503,101,0,52,32,1,14,239,44,12724,2036,53,241,562,0,349,32,12675,0,666,776,20,93,202,2771,360,1409,54,2
Oman,OMN,14,163,60,38,0,115,30,14,98,16,18,4998,407,340,8,118,0,36,9,1368,0,705,199,24,2,2053,244,279,350,22,31
Pakistan,PAK,17987,10960,4273,14631,4031,3478,13446,16162,3949,867,62774,341108,68193,249785,2142,17688,225,77024,436,179773,500,47693,44390,2106,8452,19348,82758,44070,62351,2778,8516
Palau,PLW,0,2,1,0,0,2,2,0,2,0,1,65,18,1,0,3,0,2,0,36,0,23,13,0,0,3,17,4,6,1,0
Palestine,PSE,28,326,92,12,0,48,307,20,14,8,25,6710,500,812,7,124,0,31,2,2907,60,1293,649,5,11,391,488,359,522,41,6
Panama,PAN,36,1054,190,126,0,126,625,53,540,19,188,5318,818,360,32,199,0,186,2,3984,0,1217,1154,9,119,530,877,503,935,23,1
Papua New Guinea,PNG,599,402,199,205,928,379,983,770,3830,25,1538,15540,6311,4363,99,289,10,3116,29,5645,0,4697,741,152,202,2232,7154,660,1368,717,91
Paraguay,PRY,65,1261,214,304,0,181,823,114,570,15,242,9912,1474,549,318,427,17,181,6,6141,0,2447,1883,12,298,1501,1148,750,1668,60,2
Peru,PER,143,7144,1464,1300,19,688,1142,486,2401,166,1943,29215,18179,3933,342,1016,76,1222,63,33395,0,4761,8044,147,1171,4755,6961,6828,11649,278,30
Philippines,PHL,2056,10473,2429,3611,46,4792,15570,1859,5222,325,29181,204311,58413,23673,1105,4569,8,8392,192,81321,419,27680,33358,191,3011,10945,33229,14287,27945,1004,137
Poland,POL,135,18469,3433,125,0,784,617,14,134,211,559,174736,11910,545,4380,6578,0,265,351,122080,0,8124,4695,223,101,3853,11349,8565,18145,554,11
Portugal,PRT,36,6602,1327,165,0,94,166,5,482,51,224,37353,8279,98,182,1357,0,237,40,31651,0,4245,4068,24,126,957,7052,2092,5433,155,4
Puerto Rico,PRI,9,2026,354,108,0,26,696,5,231,55,21,8823,1267,108,141,249,0,96,3,6936,0,3373,2057,5,102,409,1832,1019,1654,34,3
Qatar,QAT,5,41,19,1,0,38,27,6,4,8,9,1121,70,81,6,131,0,6,4,831,0,345,133,7,0,737,66,177,221,35,2
Romania,ROU,60,8874,2074,75,0,630,380,26,142,149,941,150427,6362,440,545,2182,0,91,298,52590,0,2419,3043,314,67,2275,8106,10386,14626,407,6
Russia,RUS,1143,48437,9390,456,0,7086,22285,206,18682,5877,7982,1004931,32972,3556,28460,39040,0,423,9104,296822,20,18746,11652,5805,246,20867,39390,46102,90887,6599,57
Rwanda,RWA,995,772,158,1142,3386,212,461,839,3065,19,3960,11826,5641,5635,123,759,0,3661,51,7143,1,1916,1266,184,1095,2402,2520,2599,4297,219,178
Saint Kitts and Nevis,KNA,1,8,3,4,0,2,10,1,32,0,1,157,20,6,11,2,0,3,0,99,0,33,32,0,3,6,11,12,24,2,0
Saint Lucia,LCA,2,41,12,6,0,9,32,2,7,1,4,446,54,16,9,13,0,4,0,304,0,130,71,0,5,26,59,33,58,3,0
Saint Vincent and the Grenadines,VCT,1,22,7,8,0,7,23,1,20,0,3,355,39,13,8,8,0,4,0,208,0,107,46,0,7,10,20,19,42,3,0
Samoa,WSM,2,28,10,4,0,13,12,1,13,1,13,539,63,17,2,25,0,11,1,155,0,124,61,1,4,33,105,30,55,2,1
San Marino,SMR,0,20,3,0,0,0,0,0,1,0,0,98,8,1,0,4,0,0,0,117,0,5,4,0,0,3,11,8,14,0,0
Sao Tome and Principe,STP,5,14,5,7,12,3,11,6,0,1,20,273,109,42,2,4,0,12,0,145,0,15,50,1,7,21,79,50,66,1,2
Saudi Arabia,SAU,180,1707,562,66,1,724,403,245,683,201,1301,45837,4699,1077,104,1791,12,330,11,13104,0,2989,6930,246,61,21316,3723,3763,4819,713,65
Senegal,SEN,1563,1246,334,425,6740,252,187,1767,1603,20,3732,15981,6793,9388,89,1126,0,6660,66,8211,2,2599,2447,217,396,1823,2763,2365,4374,283,107
Serbia,SRB,27,2567,840,20,0,100,203,7,48,72,128,63769,1571,172,376,1535,0,41,50,28444,0,3710,2517,35,11,729,3865,1401,4245,103,4
Seychelles,SYC,2,18,6,2,0,12,5,1,4,1,4,242,77,8,1,9,0,5,0,181,0,26,44,1,2,16,31,33,51,2,0
Sierra Leone,SLE,1630,485,136,1180,11717,307,148,1390,2798,10,2509,9009,7460,6765,49,491,7,3744,50,3801,0,1095,1036,178,1143,1493,1479,1192,2324,234,144
Singapore,SGP,5,1477,237,2,0,17,25,2,36,16,58,6810,3471,30,13,464,0,36,2,7001,0,179,758,3,1,168,750,253,592,13,1
Slovakia,SVK,20,1960,363,10,0,127,118,3,4,18,31,26796,1850,114,218,695,0,18,110,13901,0,831,758,25,8,427,1147,1694,2989,62,2
Slovenia,SVN,6,1337,206,2,0,20,19,1,2,28,13,7797,693,15,209,410,0,6,14,6336,0,357,261,6,1,136,639,569,1124,11,1
Solomon Islands,SLB,17,22,19,26,87,122,34,59,41,4,44,2285,479,112,13,144,0,238,3,650,0,432,89,22,25,156,347,133,192,20,10
Somalia,SOM,4672,506,141,7626,3899,880,2578,3046,3188,23,20221,18521,20751,19725,143,1325,0,16718,249,7993,1686,2620,1878,618,7476,3476,3992,3790,6018,621,967
South Africa,ZAF,2221,6603,1300,2101,464,1511,19122,1379,143851,115,19785,82661,28941,17138,582,7864,68,13500,421,54803,38,27471,12353,511,2037,19239,17827,5824,13356,2179,124
South Korea,KOR,77,18451,3730,318,2,691,746,38,138,119,3154,77481,15635,541,997,14575,0,991,301,104176,0,12862,7979,212,122,6882,15506,10356,17385,557,28
South Sudan,SSD,1968,456,97,2180,5109,233,874,673,4391,10,4387,7114,7714,8935,54,419,110,6898,73,4140,470,1143,933,166,2139,991,1331,1707,2713,259,191
Spain,ESP,155,29208,6137,467,0,425,335,15,679,728,378,131493,14184,483,429,3759,0,1213,59,125835,1,10135,14645,108,302,2570,36560,8218,23212,239,14
Sri Lanka,LKA,297,4141,858,163,0,928,768,104,38,134,873,46577,4699,1073,398,4425,0,1019,49,18724,282,13273,5560,64,148,3309,13597,4369,5350,363,23
Sudan,SDN,662,2815,710,795,2337,1256,626,2413,5155,380,1110,74371,7026,21418,100,2029,0,6732,59,17100,101,2818,4754,612,725,7349,7191,4100,6314,1110,1083
Suriname,SUR,7,109,25,15,0,28,49,11,100,3,10,1423,163,131,16,145,0,38,1,716,0,267,262,2,13,102,117,127,251,12,1
Sweden,SWE,31,5637,1258,127,0,93,120,3,20,485,79,36087,2846,125,364,1369,0,742,59,26480,0,2069,1999,33,107,368,4478,1069,3226,89,3
Switzerland,CHE,27,5138,967,95,0,52,54,4,37,212,39,23969,1946,148,277,1171,4,252,11,20248,0,1394,2218,10,76,338,3074,1065,2972,39,4
Syria,SYR,214,1592,434,92,0,137,300,50,14,153,80,45682,2284,1086,61,320,0,117,22,8784,6900,1844,2661,74,65,1901,3249,2024,2596,147,12
Taiwan,TWN,105,8755,2050,126,0,508,343,19,171,518,905,41061,13067,334,415,4299,0,131,25,56953,0,11324,8248,78,116,3905,9969,7287,11756,144,10
Tajikistan,TJK,125,446,217,25,0,621,234,55,60,24,743,21856,3279,2720,147,464,0,820,12,5368,0,1655,405,41,2,705,1669,2188,2657,259,71
Tanzania,TZA,3765,3644,754,6887,17014,1270,3462,5506,27125,193,20170,54489,32990,39594,350,3231,0,15742,242,31417,19,8430,6232,1020,6613,5824,7001,8547,14522,1198,637
Thailand,THA,1037,21553,4082,992,1,4519,4035,282,17215,486,7775,115830,31037,1692,634,7107,7,6211,44,115544,60,19570,27446,155,934,19541,23925,19603,32635,687,193
Timor,TLS,31,102,31,65,0,69,37,62,238,2,299,2459,601,524,7,63,0,235,2,824,0,191,233,4,58,159,516,210,431,13,6
Togo,TGO,625,400,111,237,5436,147,559,551,3448,18,2124,8361,4356,4518,53,591,0,5848,38,3832,0,1046,1004,104,220,1453,1332,1272,2330,153,86
Tokelau,TKL,0,0,0,0,0,0,0,0,0,0,0,4,0,0,0,0,0,0,0,2,0,1,1,0,0,0,1,0,0,0,0
Tonga,TON,5,18,5,4,0,5,2,2,2,0,5,178,34,12,1,5,0,3,0,127,0,82,32,1,3,10,42,19,37,3,4
Trinidad and Tobago,TTO,11,335,73,26,0,37,316,7,206,10,20,4016,274,125,32,155,0,25,1,2017,0,1833,618,2,25,186,271,188,465,21,1
Tunisia,TUN,85,2547,485,29,0,128,78,55,148,158,121,35007,1838,894,34,410,0,121,8,10110,15,1823,2634,85,22,2473,2649,1367,2175,211,87
Turkey,TUR,351,19721,3838,1043,0,694,1605,284,226,345,833,176663,14868,6943,240,2585,0,732,44,104816,309,19699,19193,453,688,7749,32981,7349,14116,419,130
Turkmenistan,TKM,52,582,108,11,0,129,214,55,105,66,437,18323,1284,1113,180,440,0,75,136,3636,0,759,712,37,6,284,442,2381,2749,116,43
Tuvalu,TUV,0,2,1,0,0,1,1,0,1,0,1,42,5,1,0,2,0,1,0,14,0,11,5,0,0,3,7,2,4,0,0
Uganda,UGA,3941,1854,417,3937,22587,751,2378,2121,20762,46,13886,28149,16497,30955,261,2167,0,10955,152,21648,61,5033,3386,545,3824,5563,5480,5189,9155,616,390
Ukraine,UKR,399,16370,3586,139,0,3436,5279,81,6643,1477,4043,449376,8734,1305,7716,13690,0,83,2733,99218,227,2821,2660,1539,67,6980,12181,20141,30240,2198,72
United Arab Emirates,ARE,54,138,90,7,0,174,87,12,160,805,119,8621,599,83,76,664,0,60,12,5473,0,1325,1433,42,3,3833,1778,506,734,190,69
United Kingdom,GBR,265,32425,7906,159,0,300,339,40,233,2654,390,188113,41877,1484,1762,5618,0,1419,128,195999,2,6368,7776,135,118,2696,51879,10031,33215,383,22
United States,USA,1146,143919,32211,6090,0,3615,17709,990,7053,65717,978,957455,81921,10994,14044,45349,105,11727,1378,773895,31,77719,106954,1528,5710,41362,224988,67286,129343,3616,131
United States Virgin Islands,VIR,0,29,14,4,0,5,26,0,8,2,1,501,25,4,12,9,0,1,1,330,0,80,52,0,4,15,31,33,57,2,0
Uruguay,URY,14,1497,349,134,0,71,212,10,177,16,56,10003,1595,148,111,666,0,166,6,10084,0,895,989,16,104,560,2155,471,1546,67,1
Uzbekistan,UZB,175,1119,544,41,0,1597,974,228,585,188,2445,107394,10787,5257,156,3793,0,161,178,22338,0,8154,3971,368,9,4929,3837,13042,15019,684,130
Vanuatu,VUT,6,19,13,12,1,32,3,8,19,1,41,869,113,69,4,51,0,68,1,225,0,127,70,2,12,67,172,49,92,4,3
Venezuela,VEN,254,6313,1119,552,667,524,10944,497,1850,90,826,61510,5555,3338,188,2310,0,1418,11,34771,0,10795,10405,82,527,6207,7062,4692,8601,196,21
Vietnam,VNM,747,19460,4259,954,59,6098,1267,234,6399,1176,18681,240161,21345,6468,1000,8114,5,1672,82,112564,0,29391,21485,935,95,24153,36229,23637,31306,608,674
Yemen,YEM,479,1731,413,1010,5089,843,820,1705,347,261,1029,55752,6289,18982,82,1560,0,6614,43,12681,13402,1815,2676,450,941,11717,5738,2786,4877,839,523
Zambia,ZMB,2065,763,203,1899,4777,359,1616,804,22540,60,7056,18157,8190,9851,137,1398,4,7224,84,9789,1,2573,1931,309,1828,2285,2388,4593,6528,326,263
Zimbabwe,ZWE,1450,812,232,2884,2068,827,1434,1294,20722,127,10465,17810,12897,8609,53,2403,660,4635,37,12353,11,3460,2292,405,2855,2554,2891,2065,4437,662,136
